{
  "className": "PointLight",
  "properties": {
    "Brightness": 1.2,
    "Range": 20,
    "Color": [
      0.27450980392156865,
      0.3333333333333333,
      0.5098039215686274
    ]
  }
}
